{
  "properties": {
    "connectionReferences": {
      "shared_commondataserviceforapps_2": {
        "runtimeSource": "embedded",
        "connection": {
          "connectionReferenceLogicalName": "cr69d_sharedcommondataserviceforapps_10fe3"
        },
        "api": {
          "name": "shared_commondataserviceforapps"
        }
      },
      "shared_office365": {
        "runtimeSource": "embedded",
        "connection": {
          "connectionReferenceLogicalName": "cr69d_sharedoffice365_d0e9a"
        },
        "api": {
          "name": "shared_office365"
        }
      }
    },
    "definition": {
      "$schema": "https://schema.management.azure.com/providers/Microsoft.Logic/schemas/2016-06-01/workflowdefinition.json#",
      "contentVersion": "1.0.0.0",
      "parameters": {
        "$connections": {
          "defaultValue": {},
          "type": "Object"
        },
        "$authentication": {
          "defaultValue": {},
          "type": "SecureObject"
        }
      },
      "triggers": {
        "Recurrence": {
          "recurrence": {
            "frequency": "Day",
            "interval": 1
          },
          "metadata": {
            "operationMetadataId": "a078f5c0-d625-40ba-bf95-aec92908cdc5"
          },
          "type": "Recurrence"
        }
      },
      "actions": {
        "List_rows": {
          "runAfter": {},
          "metadata": {
            "operationMetadataId": "4ddb5fa9-1681-4b61-96c5-8f3f2eb3368a"
          },
          "type": "OpenApiConnection",
          "inputs": {
            "host": {
              "connectionName": "shared_commondataserviceforapps_2",
              "operationId": "ListRecords",
              "apiId": "/providers/Microsoft.PowerApps/apis/shared_commondataserviceforapps"
            },
            "parameters": {
              "entityName": "cr69d_internses",
              "$filter": "statuscode eq 11"
            },
            "authentication": "@parameters('$authentication')"
          }
        },
        "Apply_to_each": {
          "foreach": "@outputs('List_rows')?['body/value']",
          "actions": {
            "Condition": {
              "actions": {
                "Send_an_email_(V2)": {
                  "runAfter": {},
                  "metadata": {
                    "operationMetadataId": "e9897799-5be3-4cc5-be01-57f96ac24de8"
                  },
                  "type": "OpenApiConnection",
                  "inputs": {
                    "host": {
                      "connectionName": "shared_office365",
                      "operationId": "SendEmailV2",
                      "apiId": "/providers/Microsoft.PowerApps/apis/shared_office365"
                    },
                    "parameters": {
                      "emailMessage/To": "@items('Apply_to_each')?['cr69d_email']",
                      "emailMessage/Subject": "Your internship is ending soon",
                      "emailMessage/Body": "<p><span style=\"font-family: times new roman\">Hi </span><span style=\"font-family: times new roman\">@{items('Apply_to_each')?['cr69d_fullname']}</span><span style=\"font-family: times new roman\">,<br>\n<br>\nJust a reminder that your internship is scheduled to end on </span><span style=\"font-family: times new roman\">@{items('Apply_to_each')?['cr69d_enddate']}</span><span style=\"font-family: times new roman\"> . &nbsp;<br>\nPlease prepare your final report and coordinate with your manager.<br>\n<br>\nRegards, &nbsp;<br>\nIntern Management Team</span></p>",
                      "emailMessage/Importance": "Normal"
                    },
                    "authentication": "@parameters('$authentication')"
                  }
                }
              },
              "runAfter": {},
              "expression": {
                "lessOrEquals": [
                  "@items('Apply_to_each')?['cr69d_enddate']",
                  "@formatDateTime(addDays(utcNow(), 7), 'yyyy-MM-dd')"
                ]
              },
              "metadata": {
                "operationMetadataId": "dd444bbd-9e36-41b5-976f-2d289cdbb5f2"
              },
              "type": "If"
            }
          },
          "runAfter": {
            "List_rows": [
              "Succeeded"
            ]
          },
          "metadata": {
            "operationMetadataId": "3cabfa5b-3d95-4e6d-ba5e-1752a0dc28bb"
          },
          "type": "Foreach"
        }
      }
    },
    "templateName": ""
  },
  "schemaVersion": "1.0.0.0"
}