{
  "properties": {
    "connectionReferences": {
      "shared_commondataserviceforapps": {
        "api": {
          "name": "shared_commondataserviceforapps"
        },
        "connection": {
          "connectionReferenceLogicalName": "cr69d_sharedcommondataserviceforapps_83587"
        },
        "runtimeSource": "embedded"
      },
      "shared_office365": {
        "api": {
          "name": "shared_office365"
        },
        "connection": {
          "connectionReferenceLogicalName": "cr69d_sharedoffice365_d0e9a"
        },
        "runtimeSource": "invoker"
      }
    },
    "definition": {
      "$schema": "https://schema.management.azure.com/providers/Microsoft.Logic/schemas/2016-06-01/workflowdefinition.json#",
      "contentVersion": "undefined",
      "parameters": {
        "$authentication": {
          "defaultValue": {},
          "type": "SecureObject"
        },
        "$connections": {
          "defaultValue": {},
          "type": "Object"
        }
      },
      "triggers": {
        "manual": {
          "type": "Request",
          "kind": "PowerAppV2",
          "inputs": {
            "schema": {
              "type": "object",
              "properties": {
                "text": {
                  "description": "Please enter your Name",
                  "title": "Name",
                  "type": "string",
                  "x-ms-content-hint": "TEXT",
                  "x-ms-dynamically-added": true
                },
                "email": {
                  "description": "Please enter your email address",
                  "format": "email",
                  "title": "Email",
                  "type": "string",
                  "x-ms-content-hint": "EMAIL",
                  "x-ms-dynamically-added": true
                },
                "text_1": {
                  "description": "Please enter your feedback type",
                  "title": "FeedbackType",
                  "type": "string",
                  "x-ms-content-hint": "TEXT",
                  "x-ms-dynamically-added": true,
                  "enum": [
                    "Positive",
                    "Neutral",
                    "Negative"
                  ]
                },
                "text_2": {
                  "description": "Please enter your comment",
                  "title": "Comments",
                  "type": "string",
                  "x-ms-content-hint": "TEXT",
                  "x-ms-dynamically-added": true
                }
              },
              "required": [
                "text",
                "email",
                "text_1",
                "text_2"
              ]
            }
          }
        }
      },
      "actions": {
        "Add_a_new_row": {
          "type": "OpenApiConnection",
          "inputs": {
            "parameters": {
              "entityName": "cr69d_internsfeedbacks",
              "item/cr69d_comments": "@triggerBody()?['text_2']",
              "item/cr69d_email": "@triggerBody()?['email']",
              "item/cr69d_feedbacktype": "@triggerBody()?['text_1']",
              "item/cr69d_name": "@triggerBody()?['text']"
            },
            "host": {
              "apiId": "/providers/Microsoft.PowerApps/apis/shared_commondataserviceforapps",
              "operationId": "CreateRecord",
              "connectionName": "shared_commondataserviceforapps"
            }
          },
          "runAfter": {}
        },
        "Send_an_email_(V2)": {
          "type": "OpenApiConnection",
          "inputs": {
            "parameters": {
              "emailMessage/To": "@triggerBody()?['email']",
              "emailMessage/Subject": "\tThank you for your feedback @{triggerBody()?['text']}!",
              "emailMessage/Body": "<p class=\"editor-paragraph\">Hello @{triggerBody()?['text']}!</p><p class=\"editor-paragraph\"><br>Thank you for submitting your feedback. We appreciate your input!</p><p class=\"editor-paragraph\"><br>— Your Team</p><br>",
              "emailMessage/Importance": "Normal"
            },
            "host": {
              "apiId": "/providers/Microsoft.PowerApps/apis/shared_office365",
              "operationId": "SendEmailV2",
              "connectionName": "shared_office365"
            }
          },
          "runAfter": {
            "Add_a_new_row": [
              "SUCCEEDED"
            ]
          }
        }
      }
    },
    "templateName": null
  },
  "schemaVersion": "1.0.0.0"
}