<ImportExportXml version="9.2.25043.214" SolutionPackageVersion="9.2" languagecode="1033" generatedBy="CrmLive" xmlns:xsi="http://www.w3.org/2001/XMLSchema-instance" OrganizationVersion="9.2.25043.214" OrganizationSchemaType="Standard" CRMServerServiceabilityVersion="9.2.25044.00196">
  <SolutionManifest>
    <UniqueName>InternManagementSolution</UniqueName>
    <LocalizedNames>
      <LocalizedName description="Intern Management Solution" languagecode="1033" />
    </LocalizedNames>
    <Descriptions />
    <Version>1.0.0.1</Version>
    <Managed>0</Managed>
    <Publisher>
      <UniqueName>Cra7f50</UniqueName>
      <LocalizedNames>
        <LocalizedName description="CDS Default Publisher" languagecode="1033" />
      </LocalizedNames>
      <Descriptions />
      <EMailAddress xsi:nil="true"></EMailAddress>
      <SupportingWebsiteUrl xsi:nil="true"></SupportingWebsiteUrl>
      <CustomizationPrefix>cr69d</CustomizationPrefix>
      <CustomizationOptionValuePrefix>19462</CustomizationOptionValuePrefix>
      <Addresses>
        <Address>
          <AddressNumber>1</AddressNumber>
          <AddressTypeCode xsi:nil="true"></AddressTypeCode>
          <City xsi:nil="true"></City>
          <County xsi:nil="true"></County>
          <Country xsi:nil="true"></Country>
          <Fax xsi:nil="true"></Fax>
          <FreightTermsCode xsi:nil="true"></FreightTermsCode>
          <ImportSequenceNumber xsi:nil="true"></ImportSequenceNumber>
          <Latitude xsi:nil="true"></Latitude>
          <Line1 xsi:nil="true"></Line1>
          <Line2 xsi:nil="true"></Line2>
          <Line3 xsi:nil="true"></Line3>
          <Longitude xsi:nil="true"></Longitude>
          <Name xsi:nil="true"></Name>
          <PostalCode xsi:nil="true"></PostalCode>
          <PostOfficeBox xsi:nil="true"></PostOfficeBox>
          <PrimaryContactName xsi:nil="true"></PrimaryContactName>
          <ShippingMethodCode xsi:nil="true"></ShippingMethodCode>
          <StateOrProvince xsi:nil="true"></StateOrProvince>
          <Telephone1 xsi:nil="true"></Telephone1>
          <Telephone2 xsi:nil="true"></Telephone2>
          <Telephone3 xsi:nil="true"></Telephone3>
          <TimeZoneRuleVersionNumber xsi:nil="true"></TimeZoneRuleVersionNumber>
          <UPSZone xsi:nil="true"></UPSZone>
          <UTCOffset xsi:nil="true"></UTCOffset>
          <UTCConversionTimeZoneCode xsi:nil="true"></UTCConversionTimeZoneCode>
        </Address>
        <Address>
          <AddressNumber>2</AddressNumber>
          <AddressTypeCode xsi:nil="true"></AddressTypeCode>
          <City xsi:nil="true"></City>
          <County xsi:nil="true"></County>
          <Country xsi:nil="true"></Country>
          <Fax xsi:nil="true"></Fax>
          <FreightTermsCode xsi:nil="true"></FreightTermsCode>
          <ImportSequenceNumber xsi:nil="true"></ImportSequenceNumber>
          <Latitude xsi:nil="true"></Latitude>
          <Line1 xsi:nil="true"></Line1>
          <Line2 xsi:nil="true"></Line2>
          <Line3 xsi:nil="true"></Line3>
          <Longitude xsi:nil="true"></Longitude>
          <Name xsi:nil="true"></Name>
          <PostalCode xsi:nil="true"></PostalCode>
          <PostOfficeBox xsi:nil="true"></PostOfficeBox>
          <PrimaryContactName xsi:nil="true"></PrimaryContactName>
          <ShippingMethodCode xsi:nil="true"></ShippingMethodCode>
          <StateOrProvince xsi:nil="true"></StateOrProvince>
          <Telephone1 xsi:nil="true"></Telephone1>
          <Telephone2 xsi:nil="true"></Telephone2>
          <Telephone3 xsi:nil="true"></Telephone3>
          <TimeZoneRuleVersionNumber xsi:nil="true"></TimeZoneRuleVersionNumber>
          <UPSZone xsi:nil="true"></UPSZone>
          <UTCOffset xsi:nil="true"></UTCOffset>
          <UTCConversionTimeZoneCode xsi:nil="true"></UTCConversionTimeZoneCode>
        </Address>
      </Addresses>
    </Publisher>
    <RootComponents>
      <RootComponent type="1" schemaName="cr69d_evaluation" behavior="0" />
      <RootComponent type="1" schemaName="cr69d_internlifecycleflow" behavior="0" />
      <RootComponent type="1" schemaName="cr69d_interns" behavior="0" />
      <RootComponent type="1" schemaName="cr69d_internsfeedback" behavior="0" />
      <RootComponent type="1" schemaName="cr69d_manager" behavior="0" />
      <RootComponent type="1" schemaName="cr69d_tasks" behavior="0" />
      <RootComponent type="9" schemaName="cr69d_departmentoptions" behavior="0" />
      <RootComponent type="9" schemaName="cr69d_status" behavior="0" />
      <RootComponent type="9" schemaName="cr69d_taskstatus" behavior="0" />
      <RootComponent type="29" id="{5329ea9d-d52b-f011-8c4e-6045bddda3d5}" behavior="0" />
      <RootComponent type="29" id="{5d2fc78d-9c30-f011-8c4d-7c1e5220b029}" behavior="0" />
      <RootComponent type="29" id="{694ffbb6-4e28-f011-8c4e-6045bddda3d5}" behavior="0" />
      <RootComponent type="29" id="{ddcce221-f524-f011-8c4e-6045bddda3d5}" behavior="0" />
      <RootComponent type="60" id="{1ed2a422-b225-f011-8c4e-6045bddda3d5}" behavior="0" />
      <RootComponent type="60" id="{3ee99dba-492a-f011-8c4e-6045bddda3d5}" behavior="0" />
      <RootComponent type="60" id="{b8e80d11-a025-f011-8c4e-6045bddda3d5}" behavior="0" />
      <RootComponent type="61" schemaName="cr69d_formlogic.js" behavior="0" />
      <RootComponent type="62" schemaName="cr69d_InternManagementApp" behavior="0" />
      <RootComponent type="80" schemaName="cr69d_InternManagementApp" behavior="0" />
    </RootComponents>
    <MissingDependencies>
      <MissingDependency>
        <Required type="61" schemaName="msdyn_/Images/AppModule_Default_Icon.png" displayName="msdyn_/Images/AppModule_Default_Icon.png" solution="AppModuleWebResources (2.5)">
          <package appName="AppModule Web Resources Package" version="2.5">AppModuleWebResources (2.5)</package>
        </Required>
        <Dependent type="80" schemaName="cr69d_InternManagementApp" displayName="Intern Management App" />
      </MissingDependency>
      <MissingDependency>
        <Required type="SettingDefinition" displayName="AppChannel" solution="msdyn_AppFrameworkInfraExtensions (1.0.0.13)" id.uniquename="AppChannel">
          <package appName="PowerAppsAppFramework Package" version="1.0.0.18">PowerAppsAppFramework_Anchor (1.0.0.18)</package>
        </Required>
        <Dependent type="AppSetting" displayName="parentappmoduleid.uniquename=cr69d_InternManagementApp,settingdefinitionid.uniquename=AppChannel" id.parentappmoduleid.uniquename="cr69d_InternManagementApp" id.settingdefinitionid.uniquename="AppChannel" />
      </MissingDependency>
    </MissingDependencies>
  </SolutionManifest>
</ImportExportXml>